metric,corr_with_fear_greed_value
net_pnl,-0.07855757073089921
volume_usd,-0.2643713973011387
win_rate_realized,0.05539931300124056
pnl_per_1k_volume,0.08126525565331283
