sentiment,days_observed,mean_daily_net_pnl,mean_daily_net_pnl_ci_low,mean_daily_net_pnl_ci_high,mean_daily_pnl_per_1k_volume,mean_daily_pnl_per_1k_ci_low,mean_daily_pnl_per_1k_ci_high,mean_daily_win_rate,interpretation
Extreme Fear,14,51087.25818218665,6034.294345995668,106078.05726834146,7.595179907057886,-3.128833588565914,19.64494595594519,0.6544334990141908,bootstrap interval crossed zero; treat edge as less stable
Fear,91,35875.80761503126,19202.466447999293,56180.885293136336,8.801228558548559,1.6433010860241448,16.42664022058799,0.8807139342598307,daily efficiency stayed positive in bootstrap interval
Neutral,67,18709.64786934521,10499.311597402977,28545.05459893593,7.3455691192757255,-1.2711363557522666,16.71550629950772,0.7937897168589675,bootstrap interval crossed zero; treat edge as less stable
Greed,193,10813.629953221925,2428.1435908965686,20112.907327396697,9.533095187934107,5.3766355705449635,14.53266531505959,0.8130205397780562,daily efficiency stayed positive in bootstrap interval
Extreme Greed,114,23580.181098314475,12095.25098283465,37819.16804812924,20.812368687511125,12.297859390458841,32.03014532785603,0.8865331257591066,daily efficiency stayed positive in bootstrap interval
